tishi repa,
sakya pandita,
karmapa,
gampopa,
repa karpo,
lumey dorje,
padmasambhava,
trisong deutsen,
milarepa,
darma wangchuk,
barom kagyu,
nangso chenmo,
chogyal pakpa,
karma pakshi,
jangchub shonnu,
konchok paldron,
chokgyur lingpa,
tersey tulku,
orgyen chopel,
chimey dorje,
karsa yuri,
samten gyatso,
adeu rinpoche,
old kongtrul,
sangye lingpa,
yeshe tsogyal,
tara,
nagi gompa,
prince damdzin,
perna trinley,
mingyur dorje,
gyalpo pehar,
sangye gyamtso,
lhabsang,
wangchok dorje,
sangye yeshe,
chetsun senge wangchuk,
khyentse wangpo,
terdag lingpa
